<?xml version="1.0" encoding="utf-8"?>
<!--
    This file maps the NPC appearance IDs the server is sending to the spritesheet(s).

    Note that it is possible to give an NPC multiple sprites. In this case the
    sprites are drawn in order of declaration.

    IDs 100-199 should be used for unanimated NPCs (100 is added for 0.0 client compatibility)
-->
<npcs>
<npc id="48"><sprite variant="61">npcs/npc.xml</sprite></npc><!-- Storage Master -->
<npc id="49"><sprite variant="49">npcs/npc.xml</sprite></npc><!-- Storage Master (desert) -->

<npc id="100"><sprite variant="0">npcs/npc.xml</sprite></npc><!-- Desert Barber -->
<npc id="101"><sprite variant="1">npcs/npc.xml</sprite></npc><!-- Oriental trader -->
<npc id="102"><sprite variant="2">npcs/npc.xml</sprite></npc><!-- The Trainer -->
<npc id="103"><sprite variant="3">npcs/npc.xml</sprite></npc><!-- Guy in black cloak -->
<npc id="104"><sprite variant="4">npcs/npc.xml</sprite></npc><!-- Soldier with sword -->
<npc id="105"><sprite variant="5">npcs/npc.xml</sprite></npc><!-- Santa Clause -->
<npc id="106"><sprite variant="6">npcs/npc.xml</sprite></npc><!-- Girl with pink hair and blue top -->
<npc id="107"><sprite variant="7">npcs/npc.xml</sprite></npc><!-- Scholar guy with glasses -->
<npc id="108"><sprite variant="8">npcs/npc.xml</sprite></npc><!-- Woman with green hair and pink dress -->
<npc id="109"><sprite variant="9">npcs/npc.xml</sprite></npc><!-- Miner -->
<npc id="110"><sprite variant="10">npcs/npc.xml</sprite></npc><!-- Soldier with spear -->
<npc id="111"><sprite variant="11">npcs/npc.xml</sprite></npc><!-- Treasure chest -->
<npc id="112"><sprite variant="12">npcs/npc.xml</sprite></npc><!-- Barkeeper -->
<npc id="113"><sprite variant="13">npcs/npc.xml</sprite></npc><!-- Gnome with hat -->
<npc id="114"><sprite variant="14">npcs/npc.xml</sprite></npc><!-- Little blue-haired girl -->
<npc id="115"><sprite variant="15">npcs/npc.xml</sprite></npc><!-- Guy with red hair and green cloak -->
<npc id="116"><sprite variant="16">npcs/npc.xml</sprite></npc><!-- Old geezer -->
<npc id="117"><sprite variant="17">npcs/npc.xml</sprite></npc><!-- Boy with brown hair -->
<npc id="118"><sprite variant="18">npcs/npc.xml</sprite></npc><!-- Nurse without hat -->
<npc id="119"><sprite variant="19">npcs/npc.xml</sprite></npc><!-- Nurse with hat -->
<npc id="120"><sprite variant="20">npcs/npc.xml</sprite></npc><!-- Guy with brown hair in plain clothes -->
<npc id="121"><sprite variant="21">npcs/npc.xml</sprite></npc><!-- Soldier -->
<npc id="122"><sprite variant="22">npcs/npc.xml</sprite></npc><!-- Soldier with sword and shield -->
<npc id="123"><sprite variant="23">npcs/npc.xml</sprite></npc><!-- Soldier with sword, shield, and helmet -->
<npc id="124"><sprite variant="24">npcs/npc.xml</sprite></npc><!-- Guy with black hair in plain clothes -->
<npc id="125"><sprite variant="25">npcs/npc.xml</sprite></npc><!-- Guy with black clothes -->
<npc id="126"><sprite variant="26">npcs/npc.xml</sprite></npc><!-- Guy with black clothes and axe -->
<npc id="127"><sprite variant="27">npcs/npc.xml</sprite></npc><!-- empty (Invisible NPC) -->
<npc id="128"><sprite variant="28">npcs/npc.xml</sprite></npc><!-- Nomad, standing -->
<npc id="129"><sprite variant="29">npcs/npc.xml</sprite></npc><!-- Snowman -->
<npc id="130"><sprite variant="30">npcs/npc.xml</sprite></npc><!-- Paperboy (wtf? how does this one fit in a fantasy game?) -->
<npc id="131"><sprite variant="31">npcs/npc.xml</sprite></npc><!-- Nomad, sitting -->
<npc id="132"><sprite variant="32">npcs/npc.xml</sprite><particlefx>graphics/particles/nomadpipe.particle.xml</particlefx></npc><!-- Nomad, sitting with pipe -->
<npc id="133"><sprite variant="33">npcs/npc.xml</sprite></npc><!-- Captain Kirk -->
<npc id="134"><sprite variant="34">npcs/npc.xml</sprite></npc><!-- Mr. Spock -->
<npc id="135"><sprite variant="35">npcs/npc.xml</sprite></npc><!-- Guy with sword over shoulder -->
<npc id="136"><sprite>npcs/npc-creepysurgeon.xml</sprite></npc><!-- Creepy surgeon guy -->
<npc id="137"><sprite variant="37">npcs/npc.xml</sprite></npc><!-- Metrosexual guy with pink jacket on stool -->
<npc id="138"><sprite variant="38">npcs/npc.xml</sprite></npc><!-- Zombie pirate captain-->
<npc id="139"><sprite variant="39">npcs/npc.xml</sprite></npc><!-- Girl in playboy bunny costume -->
<npc id="140"><sprite variant="40">npcs/npc.xml</sprite></npc><!-- Woman with green dress and apron -->
<npc id="141"><sprite>npcs/npc-lumberjack.xml</sprite></npc><!-- Lumberjack -->
<npc id="142"><sprite variant="42">npcs/npc.xml</sprite></npc><!-- Farmer -->
<npc id="143"><sprite variant="43">npcs/npc.xml</sprite></npc><!-- Indian Chief-->
<npc id="144"><sprite variant="44">npcs/npc.xml</sprite><particlefx>graphics/particles/soulmenhir.particle.xml</particlefx></npc><!-- Boulder -->
<npc id="145"><sprite variant="45">npcs/npc.xml</sprite></npc><!-- Magic mouth -->
<npc id="146"><sprite variant="46">npcs/npc.xml</sprite></npc><!-- Mechanic -->
<npc id="147"><sprite variant="47">npcs/npc.xml</sprite></npc><!-- Mechanic with tool -->
<npc id="148"><sprite variant="48">npcs/npc.xml</sprite></npc><!-- Chef -->
<npc id="149"><sprite variant="49">npcs/npc.xml</sprite></npc><!-- Desert Banker -->
<npc id="150"><sprite variant="50">npcs/npc.xml</sprite></npc><!-- Investigator -->
<npc id="151"><sprite variant="51">npcs/npc.xml</sprite></npc><!-- Lora Tay -->
<npc id="152"><sprite variant="52">npcs/npc.xml</sprite></npc><!-- Desert Bard -->
<npc id="153"><sprite variant="53">npcs/npc.xml</sprite></npc><!-- Old Wizard -->
<npc id="154"><sprite variant="54">npcs/npc.xml</sprite></npc><!-- Old Woman -->
<npc id="155"><sprite variant="55">npcs/npc.xml</sprite></npc><!-- Construction Worker -->
<npc id="156"><sprite variant="56">npcs/npc.xml</sprite></npc><!-- Desert Barber/Desert Man -->
<npc id="157"><sprite variant="57">npcs/npc.xml</sprite></npc><!-- Trainer 2 -->
<npc id="158"><sprite variant="58">npcs/npc.xml</sprite></npc><!-- Young Male Wizard -->
<npc id="159"><sprite variant="59">npcs/npc.xml</sprite></npc><!-- Old man -->
<npc id="160"><sprite variant="60">npcs/npc.xml</sprite></npc><!-- Generic Man -->
<npc id="161"><sprite variant="61">npcs/npc.xml</sprite></npc><!-- Generic Banker -->
<npc id="162"><sprite variant="62">npcs/npc.xml</sprite></npc><!-- Generic Desert Man -->
<npc id="163"><sprite variant="63">npcs/npc.xml</sprite></npc><!-- Flower Girl -->
<npc id="164"><sprite variant="64">npcs/npc.xml</sprite></npc><!-- Wedding Officiator -->
<npc id="165"><sprite variant="65">npcs/npc.xml</sprite></npc><!-- Dimond/Magician -->
<npc id="166"><sprite variant="66">npcs/npc.xml</sprite><particlefx>graphics/particles/manaseed.particle.xml</particlefx></npc><!-- Mana Seed -->
<npc id="167"><sprite variant="67">npcs/npc.xml</sprite></npc><!-- Young Witch -->
<npc id="168"><sprite variant="68">npcs/npc.xml</sprite></npc><!-- Middle-Aged Wizard -->
<npc id="169"><sprite variant="69">npcs/npc.xml</sprite></npc><!-- Miner -->
<npc id="170"><sprite variant="70">npcs/npc.xml</sprite></npc><!-- Christmas Reinboo -->
<npc id="171"><sprite variant="71">npcs/npc.xml</sprite></npc><!-- Injured Mouboo -->
<npc id="172"><sprite variant="72">npcs/npc.xml</sprite></npc><!-- Katze -->
<npc id="173"><sprite variant="73">npcs/npc.xml</sprite></npc><!-- Easter Bunny -->
<npc id="174"><sprite variant="74">npcs/npc.xml</sprite></npc><!-- Aisha, Omar's daughter -->
<npc id="175"><sprite variant="75">npcs/npc.xml</sprite></npc><!-- Miriam the cat burglar -->
<npc id="176"><sprite variant="76">npcs/npc.xml</sprite></npc><!-- Lou Rette the gambler -->
<npc id="177"><sprite variant="77">npcs/npc.xml</sprite></npc><!-- Old Knight -->
<npc id="178"><sprite variant="78">npcs/npc.xml</sprite></npc><!-- Karoua, Exiled Indian Chief -->
<npc id="179"><sprite variant="79">npcs/npc.xml</sprite></npc><!-- Kesh, Karoua's wife -->
<npc id="180"><sprite>npcs/npc-savannahman.xml</sprite></npc><!-- Blue Savannah Man with idle animation -->
<npc id="181"><sprite variant="81">npcs/npc.xml</sprite></npc><!-- Green Savannah Man -->
<npc id="182"><sprite variant="82">npcs/npc.xml</sprite></npc><!-- Young archer -->
<npc id="183"><sprite variant="83">npcs/npc.xml</sprite></npc><!-- Skeleton man -->

<npc id="200">
   <sprite>npcs/npc-test.xml</sprite>
   <particlefx>graphics/particles/circle.particle.xml</particlefx>
</npc>
<npc id="201">
   <!-- This entry demonstrates that an NPC can be constructed from multiple preexisting
   spritesets. While using the default player sprite and normal player equipment can save
   time it is usually better to create a new NPC as one graphic from scratch. -->
   <sprite>player_female_base.xml</sprite>
   <sprite>equipment/feet/boots-female.xml|#4f2d29,c89078</sprite>
   <sprite>leg-chaps-female.xml</sprite>
   <sprite>chest-shorttanktop-female.xml</sprite>
   <sprite>hairstyle11.xml|#bb2222,ffee33</sprite>
</npc>
<npc id="202">
   <!-- An NPC made only from a particle effect. -->
   <particlefx>graphics/particles/hellblaze.particle.xml</particlefx>
</npc>

</npcs>
