<?xml version="1.0" encoding="utf-8"?>
<skills>
	<set name="Básica">
		<skill id="1" name="Emotions" icon="graphics/skills/basic/emote.png"/>
		<skill id="2" name="Negociação" icon="graphics/skills/basic/trade.png"/>
		<skill id="3" name="Grupos" icon="graphics/skills/basic/party.png"/>
	</set>
	<!--set name="Mágica">
		<skill id="340" name="Magic" icon="graphics/skills/magic/basic.png"/>
		<skill id="341" name="Life Magic" icon="graphics/skills/magic/life.png"/>
		<skill id="342" name="War Magic" icon="graphics/skills/magic/war.png"/>
		<skill id="343" name="Transmutation Magic" icon="graphics/skills/magic/transmutation.png"/>
		<skill id="344" name="Nature Magic" icon="graphics/skills/magic/nature.png"/>
		<skill id="345" name="Astral Magic" icon="graphics/skills/magic/astral.png"/>
	</set-->
</skills>
