<?xml version="1.0"?>

<effect>
	<particle
		position-x = "0"
		position-y = "0"
		position-z = "0"
		lifetime = "32"
		>
		<emitter>
			<animation imageset="graphics/particles/nota-musical.png" width="11" height="20">
				<frame index="0" delay="100"/>
			</animation>
			<property name="vertical-angle" min="60" max="120"/>
			<property name="power" min="1" max="1"/>
			<property name="lifetime" min="20" max="25"/>
			<property name="output" min="0" max="1"/>
			<property name="position-x" min="-16" max="16"/>
			<property name="position-y" min="-16" max="16"/>
			<property name="position-z" min="29" max="40"/>
		</emitter>
	</particle>
</effect>
