<?xml version="1.0"?>
<sprite>

	<imageset name="base" src="graphics/sprites/monsters/lanterna-jack.png" width="32" height="32"/>

	<action name="stand" imageset="base">
		<animation direction="down">
			<frame index="0" delay="75" offsetY="-32"/>
			<frame index="1" delay="150" offsetY="-33"/>
			<frame index="2" delay="300" offsetY="-34"/>
			<frame index="1" delay="150" offsetY="-33"/>
			<frame index="0" delay="75" offsetY="-32"/>
			<frame index="0" delay="150" offsetY="-31"/>
			<frame index="0" delay="300" offsetY="-30"/>
			<frame index="0" delay="150" offsetY="-31"/>
		</animation>
		<animation direction="left">
			<frame index="3" delay="75" offsetY="-32"/>
			<frame index="4" delay="150" offsetY="-33"/>
			<frame index="5" delay="300" offsetY="-34"/>
			<frame index="4" delay="150" offsetY="-33"/>
			<frame index="3" delay="75" offsetY="-32"/>
			<frame index="3" delay="150" offsetY="-31"/>
			<frame index="3" delay="300" offsetY="-30"/>
			<frame index="3" delay="150" offsetY="-31"/>
		</animation>
		<animation direction="up">
			<frame index="6" delay="75" offsetY="-32"/>
			<frame index="7" delay="150" offsetY="-33"/>
			<frame index="8" delay="300" offsetY="-34"/>
			<frame index="7" delay="150" offsetY="-33"/>
			<frame index="6" delay="75" offsetY="-32"/>
			<frame index="6" delay="150" offsetY="-31"/>
			<frame index="6" delay="300" offsetY="-30"/>
			<frame index="6" delay="150" offsetY="-31"/>
		</animation>
		<animation direction="right">
			<frame index="9" delay="75" offsetY="-32"/>
			<frame index="10" delay="150" offsetY="-33"/>
			<frame index="11" delay="300" offsetY="-34"/>
			<frame index="10" delay="150" offsetY="-33"/>
			<frame index="9" delay="75" offsetY="-32"/>
			<frame index="9" delay="150" offsetY="-31"/>
			<frame index="9" delay="300" offsetY="-30"/>
			<frame index="9" delay="150" offsetY="-31"/>
		</animation>
	</action>

	<action name="attack" imageset="base">
		<animation direction="down">
			<frame index="1" delay="125" offsetX="0" offsetY="-32"/>
			<frame index="2" delay="100" offsetX="0" offsetY="-30"/>
			<frame index="1" delay="75" offsetX="0" offsetY="-28"/>
			<frame index="0" delay="100" offsetX="0" offsetY="-30"/>
			<end/>
		</animation>
		<animation direction="left">
			<frame index="4" delay="125" offsetX="-2" offsetY="-32"/>
			<frame index="5" delay="100" offsetX="-4" offsetY="-31"/>
			<frame index="4" delay="75" offsetX="-2" offsetY="-30"/>
			<frame index="3" delay="100" offsetX="0" offsetY="-31"/>
			<end/>
		</animation>
		<animation direction="up">
			<frame index="7" delay="125" offsetX="0" offsetY="-32"/>
			<frame index="8" delay="100" offsetX="0" offsetY="-31"/>
			<frame index="7" delay="75" offsetX="0" offsetY="-30"/>
			<frame index="6" delay="100" offsetX="-0" offsetY="-31"/>
			<end/>
		</animation>
		<animation direction="right">
			<frame index="10" delay="125" offsetX="2" offsetY="-32"/>
			<frame index="11" delay="100" offsetX="4" offsetY="-31"/>
			<frame index="10" delay="75" offsetX="2" offsetY="-30"/>
			<frame index="9" delay="100" offsetX="0" offsetY="-31"/>
			<end/>
		</animation>
	</action>

	<action name="dead" imageset="base">
		<animation direction="default">
			<frame index="12" delay="75" offsetY="-30"/>
			<frame index="13" delay="75" offsetY="-27"/>
			<frame index="14" delay="75" offsetY="-23"/>
			<frame index="15" delay="75" offsetY="-18"/>
			<frame index="16" delay="75" offsetY="-12"/>
			<frame index="16" delay="75" offsetY="-5"/>
			<frame index="16"/>
		</animation>
	</action>

</sprite>
