<?xml version="1.0"?>

<effect>
	<particle
		position-x = "0"
		position-y = "0"
		position-z = "0"
		lifetime = "200"
		>
		<emitter>
			<animation imageset="graphics/particles/sparkle.png|W:#f7e617" width="15" height="15">
				<sequence start="0" end="3" delay="100" />
				<frame index="0" delay="200"/>
			</animation>
			<property name="vertical-angle" min="60" max="120"/>
			<property name="power" min="0.1" max="0.5"/>
			<property name="lifetime" min="25" max="50"/>
			<property name="output" min="0" max="1"/>
			<property name="position-x" min="-16" max="16"/>
			<property name="position-y" min="-16" max="16"/>
			<property name="position-z" min="29" max="40"/>
		</emitter>
	</particle>
</effect>
