<?xml version="1.0"?>
<effect>
  <particle
    position-x = "0"
    position-y = "0"
    position-z = "0"
    >
    <emitter>
      <animation imageset="graphics/particles/sparkle.png|W:#99ff66" width="15" height="15">
        <sequence start="0" end="3" delay="100" />
        <frame index="0" delay="200" />
      </animation>
      <property name="vertical-angle" value="90"/>
      <property name="power" min="1" max="2"/>
      <property name="lifetime" min="15" max="25"/>
      <property name="output" min="1" max="1"/>
      <property name="output-pause" value="2"/>
      <property name="position-x" min="-8" max="8"/>
      <property name="position-y" min="-8" max="8"/>
      <property name="position-z" min="29" max="40"/>
    </emitter>
  </particle>
</effect>
