<?xml version="1.0" encoding="utf-8"?>

<monsters offset="1002">

    <monster id="0" name="Verme" targetCursor="small">
        <sprite>monster-maggot.xml</sprite>
        <sound event="hit">maggot-hit1.ogg</sound>
        <sound event="hit">maggot-hit2.ogg</sound>
        <sound event="miss">maggot-miss1.ogg</sound>
        <sound event="die">maggot-dying1.ogg</sound>
        <drop item="505" percent="8"/>
        <drop item="518" percent="4"/>
        <drop item="501" percent="1.5"/>
        <drop item="533" percent="1.5"/>
        <drop item="502" percent="0.7"/>
        <drop item="522" percent="0.1"/>
        <attributes
            hp="20"
            size="4"
            speed="64"
            attack-min="10"
            attack-delta="2"
            attack-magic="0"
            hit="10"
            evade="5"
            physical-defence="5"
            magical-defence="0"
            mutation="50"
            />
        <vulnerability element="fire" factor="1.5"/>
        <vulnerability element="earth" factor="0.7"/>
        <exp>10</exp>
        <!-- average stroll- and track range-->
        <behavior
            aggressive="false"
            cowardly="false"
            track-range="5"
            stroll-range="2"
            attack-distance="32"
            />
        <attack id="1"
            priority="1"
            type="physical"
            pre-delay="10"
            aft-delay="5"
            damage-factor="1"
            range="32"
            angle="10"
            animation="attack"
            />
    </monster>

    <monster id="1" name="Escorpião">
        <sprite>monster-scorpion.xml|#4d422d,826242,d8c282,ffffff</sprite>
        <sound event="hit">scorpion-hit1.ogg</sound>
        <sound event="hit">scorpion-hit2.ogg</sound>
        <sound event="hit">scorpion-hit3.ogg</sound>
        <sound event="hit">scorpion-hit4.ogg</sound>
        <sound event="miss">scorpion-miss1.ogg</sound>
        <drop item="507" percent="7"/>
        <drop item="510" percent="1"/>
        <drop item="509" percent="0.5"/>
        <drop item="518" percent="7"/>
        <exp>20</exp>
        <attributes
            hp="20"
            size="8"
            speed="192"
            attack-min="10"
            attack-delta="2"
            attack-magic="0"
            hit="10"
            evade="10"
            physical-defence="5"
            magical-defence="0"
            />
        <!-- doesn't move much, but attacks when you are comming too close. -->
        <behavior
            aggressive="true"
            cowardly="false"
            track-range="2"
            stroll-range="1"
            attack-distance="64"
            />
        <!-- slow, strong, long-range tail attack-->
        <attack id="1"
            priority="1"
            type="physical"
            pre-delay="5"
            aft-delay="15"
            damage-factor="3"
            range="64"
            angle="10"
            particle-effect="graphics/particles/attack.particle.xml"
            action="special1"
            />
        <!-- fast, weak, short-range scissor attack -->
        <attack id="2"
            priority="4"
            type="physical"
            pre-delay="3"
            aft-delay="3"
            damage-factor="1"
            range="32"
            angle="45"
            />
    </monster>

    <monster id="2" name="Escorpião Vermelho">
        <sprite>monster-scorpion.xml|#791d0a,cd5d27,f28d54,ffffff</sprite>
        <sound event="hit">scorpion-hit1.ogg</sound>
        <sound event="hit">scorpion-hit2.ogg</sound>
        <sound event="hit">scorpion-hit3.ogg</sound>
        <sound event="hit">scorpion-hit4.ogg</sound>
        <sound event="miss">scorpion-miss1.ogg</sound>
        <drop item="517" percent="20"/>
        <drop item="509" percent="1"/>
        <drop item="518" percent="5"/>
        <drop item="1200" percent="0.1"/>
        <drop item="1199" percent="7.6"/>
        <drop item="1201" percent="5.4"/>
        <drop item="524" percent="0.1"/>
        <exp>50</exp>
        <attributes
            hp="20"
            size="8"
            speed="192"
            attack-min="20"
            attack-delta="10"
            attack-magic="0"
            hit="30"
            evade="30"
            physical-defence="5"
            magical-defence="0"
            />
        <!-- also quite lazy when unprovoked but much more territorial
        than the normal one-->
        <behavior
            aggressive="true"
            cowardly="false"
            track-range="6"
            stroll-range="1"
            attack-distance="64"
            />
        <attack id="1"
            priority="1"
            type="physical"
            element="fire"
            pre-delay="5"
            aft-delay="10"
            damage-factor="1"
            range="64"
            angle="10"
            />
    </monster>

    <monster id="3" name="Limo Alga Verde">
        <sprite>monster-slime.xml|#72982c,ffffff</sprite>
        <sound event="hit">slime-hit1.ogg</sound>
        <drop item="502" percent="2"/>
        <drop item="513" percent="1"/>
        <drop item="501" percent="1"/>
        <drop item="521" percent="1"/>
        <drop item="522" percent="1.9"/>
        <drop item="526" percent="0.1"/>
        <drop item="503" percent="5"/>
        <drop item="535" percent="7.5"/>
        <exp>60</exp>
        <attributes
            hp="200"
            size="4"
            speed="32"
            attack-min="2"
            attack-delta="10"
            attack-magic="0"
            hit="100"
            evade="10"
            physical-defence="0"
            magical-defence="0"
            />
        <!-- Is fulfilling some unknown purpose that requires it to move around
        a lot and leaves no time for pursing attackers -->
        <behavior
            aggressive="false"
            cowardly="false"
            track-range="4"
            stroll-range="24"
            attack-distance="32"
            />
    </monster>

    <monster id="4" name="Verme Gigante" targetCursor="large">
        <sprite>monster-maggot-giant.xml</sprite>
        <sound event="hit">maggot-hit1.ogg</sound>
        <sound event="hit">maggot-hit2.ogg</sound>
        <sound event="miss">maggot-miss1.ogg</sound>
        <sound event="die">maggot-dying1.ogg</sound>
        <drop item="1199" percent="9"/>
        <drop item="519" percent="1"/>
        <drop item="518" percent="7.5"/>
        <drop item="501" percent="50"/>
        <drop item="502" percent="30"/>
        <drop item="503" percent="0.1"/>
        <drop item="526" percent="0.1"/>
        <attributes
            hp="20"
            size="4"
            speed="64"
            attack-min="10"
            attack-delta="2"
            attack-magic="0"
            hit="10"
            evade="5"
            physical-defence="5"
            magical-defence="0"
            mutation="50"
            />
    </monster>

    <monster id="5" name="Limo Dourado">
        <sprite>monster-slime.xml|#b47f00,ffffff</sprite>
        <sound event="hit">slime-hit1.ogg</sound>
        <drop item="534" percent="2"/>
        <drop item="519" percent="1"/>
        <drop item="501" percent="3.5"/>
        <drop item="502" percent="2.5"/>
        <drop item="522" percent="0.1"/>
        <attributes
            hp="20"
            size="4"
            speed="64"
            attack-min="10"
            attack-delta="2"
            attack-magic="0"
            hit="10"
            evade="5"
            physical-defence="5"
            magical-defence="0"
            mutation="50"
            />
    </monster>

    <monster id="6" name="Limo Vermelho">
        <sprite>monster-slime.xml|#7e0000,ffffff</sprite>
        <!--sprite>monster-esqueleto.xml|#7e0000,ffffff</sprite-->
        <sound event="hit">slime-hit1.ogg</sound>
        <drop item="1201" percent="3"/>
        <drop item="509" percent="1.1"/>
        <drop item="521" percent="2"/>
        <drop item="523" percent="0.4"/>
        <drop item="525" percent="0.8"/>
        <drop item="535" percent="7.5"/>
        <drop item="528" percent="2.5"/>
        <drop item="531" percent="1.5"/>
        <attributes
            hp="20"
            size="4"
            speed="64"
            attack-min="10"
            attack-delta="2"
            attack-magic="0"
            hit="10"
            evade="5"
            physical-defence="5"
            magical-defence="0"
            mutation="50"
            />
    </monster>

    <monster id="7" name="Escorpião Preto">
        <sprite>monster-scorpion.xml|#0d1313,435a5a,879999,ffffff</sprite>
        <sound event="hit">scorpion-hit1.ogg</sound>
        <sound event="hit">scorpion-hit2.ogg</sound>
        <sound event="hit">scorpion-hit3.ogg</sound>
        <sound event="hit">scorpion-hit4.ogg</sound>
        <sound event="miss">scorpion-miss1.ogg</sound>
        <drop item="523" percent="1.5"/>
        <drop item="509" percent="1.0"/>
        <drop item="518" percent="8"/>
        <attributes
            hp="20"
            size="4"
            speed="64"
            attack-min="10"
            attack-delta="2"
            attack-magic="0"
            hit="10"
            evade="5"
            physical-defence="5"
            magical-defence="0"
            mutation="50"
            />
    </monster>

    <monster id="8" name="Cobra">
        <sprite>monster-snake.xml|#664d28,a6673a,dbbc86,ffffff</sprite>
        <attributes
            hp="20"
            size="4"
            speed="64"
            attack-min="10"
            attack-delta="2"
            attack-magic="0"
            hit="10"
            evade="5"
            physical-defence="5"
            magical-defence="0"
            mutation="50"
            />
    </monster>

    <monster id="9" name="Trasgo de Fogo">
        <sprite>monster-goblin-fire.xml</sprite>
        <sound event="hit">fire-goblin-hit1.ogg</sound>
        <sound event="hit">fire-goblin-hit2.ogg</sound>
        <sound event="miss">fire-goblin-miss1.ogg</sound>
        <drop item="505" percent="8"/>
        <drop item="501" percent="1.5"/>
        <drop item="518" percent="8"/>
        <drop item="502" percent="1.5"/>
        <drop item="521" percent="0.7"/>
        <drop item="522" percent="0.1"/>
        <!-- behavior identical to maggot except for weaknesses and the attack which is magical and has a particle effect - change this when making up real monster stats -->
        <attributes
            hp="20"
            size="4"
            speed="64"
            attack-min="10"
            attack-delta="2"
            attack-magic="0"
            hit="10"
            evade="10"
            physical-defence="5"
            magical-defence="0"
            mutation="50"
            />
        <vulnerability element="fire" factor="0.5"/>
        <vulnerability element="water" factor="2.0"/>
        <exp>10</exp>
        <behavior
            aggressive="false"
            cowardly="false"
            track-range="5"
            stroll-range="5"
            attack-distance="32"
            />
        <attack id="1"
            priority="1"
            type="magical"
            element="fire"
            pre-delay="10"
            aft-delay="5"
            damage-factor="1"
            range="32"
            angle="10"
            animation="attack"
            particle-effect="graphics/particles/firegoblinbreath.particle.xml"
            />
    </monster>

    <monster id="10" name="Aranha">
        <sprite>monster-spider.xml</sprite>
        <drop item="537" percent="5"/>
        <drop item="535" percent="1"/>
        <attributes
            hp="20"
            size="4"
            speed="64"
            attack-min="10"
            attack-delta="2"
            attack-magic="0"
            hit="10"
            evade="5"
            physical-defence="5"
            magical-defence="0"
            mutation="50"
            />
    </monster>

    <monster id="11" name="Cogumelo Maligno">
        <sprite>monster-mushroom-red.xml</sprite>
        <sound event="hit">shroom-hit1.ogg</sound>
        <drop item="535" percent="5"/>
        <drop item="540" percent="0.1"/>
        <drop item="534" percent="1"/>
        <drop item="566" percent="5"/>
        <attributes
            hp="20"
            size="4"
            speed="64"
            attack-min="10"
            attack-delta="2"
            attack-magic="0"
            hit="10"
            evade="5"
            physical-defence="5"
            magical-defence="0"
            mutation="50"
            />
    </monster>

	<monster id="12" name="Flor">
		<sprite>monster-flower.xml|#a60e88,ffffff</sprite>
		<!--Lilás #7b0ea6,ffffff -->
		<!--<normal> #a60e88,ffffff -->
		<!--Azul #0ea6a6,80ffff -->
		<!--do Campo #2c0ea6,9980ff -->
		<!--amarela #a6a60e,ffff80 -->
		<!--laranja #a6410e,ffaa80 -->
		<!--vermelha #a60e0e,ff8080 -->
		<!--branca #dddddd,ffffff -->
        <sound event="hit">flower-hit1.ogg</sound>
        <sound event="hit">flower-hit2.ogg</sound>
        <sound event="miss">flower-miss1.ogg</sound>
        <drop item="535" percent="1"/>
        <drop item="540" percent="0.1"/>
        <drop item="1199" percent="1"/>
        <drop item="526" percent="4"/>
        <drop item="565" percent="5"/>
        <exp>10</exp>
        <!-- Passive monster for testing stuff-->
        <attributes
            hp="2000"
            size="8"
            speed="0"
            attack-min="0"
            attack-delta="0"
            attack-magic="0"
            hit="0"
            evade="0"
            physical-defence="0"
            magical-defence="0"
            mutation="0"
            />
        <behavior
            aggressive="false"
            cowardly="false"
            track-range="0"
            stroll-range="0"
            attack-distance="0"
            />
    </monster>

	<monster id="13" name="Limo Noel">
		<sprite>monster-slime-santa.xml</sprite>
	</monster>

	<monster id="14" name="Limo Rodolfo">
		<sprite>monster-slime-rudolph.xml</sprite>
	</monster>

    <monster id="15" name="Morcego">
        <sprite>monster-bat.xml</sprite>
        <sound event="die">bat-dying1.ogg</sound>
        <sound event="hit">bat-hit1.ogg</sound>
        <drop item="505" percent="8"/>
        <drop item="501" percent="1.5"/>
        <drop item="518" percent="4"/>
        <drop item="533" percent="1.5"/>
        <drop item="521" percent="0.7"/>
        <drop item="522" percent="0.1"/>
        <attributes
            hp="20"
            size="4"
            speed="64"
            attack-min="10"
            attack-delta="2"
            attack-magic="0"
            hit="10"
            evade="5"
            physical-defence="5"
            magical-defence="0"
            mutation="50"
            />
    </monster>

    <monster id="16" name="Trasgo Rosa" targetCursor="small">
        <sprite>monster-pinkie.xml|#f737b8,ffffff</sprite> <!--ffb2dd-->
        <sound event="hit">pinkie-hit1.ogg</sound>
        <sound event="miss">pinkie-miss1.ogg</sound>
        <drop item="614" percent="8"/>
        <attributes
            hp="20"
            size="4"
            speed="64"
            attack-min="10"
            attack-delta="2"
            attack-magic="0"
            hit="10"
            evade="5"
            physical-defence="5"
            magical-defence="0"
            mutation="50"
            />
    </monster>

    <monster id="17" name="Cogumelo">
        <sprite>monster-mushroom-spiky.xml</sprite>
        <sound event="hit">shroom-hit1.ogg</sound>
        <drop item="567" percent="8"/>
        <drop item="501" percent="1.5"/>
        <drop item="518" percent="0.5"/>
        <drop item="613" percent="1.5"/>
        <attributes
            hp="20"
            size="4"
            speed="64"
            attack-min="10"
            attack-delta="2"
            attack-magic="0"
            hit="10"
            evade="5"
            physical-defence="5"
            magical-defence="0"
            mutation="50"
            />
    </monster>

    <monster id="18" name="Tufo">
        <sprite>monster-fluffy.xml</sprite>
        <sound event="hit">fluffy-hit1.ogg</sound>
        <sound event="hit">fluffy-hit2.ogg</sound>
        <sound event="hit">fluffy-hit3.ogg</sound>
        <sound event="miss">fluffy-miss1.ogg</sound>
        <sound event="hurt">fluffy-hurt1.ogg</sound>
        <drop item="611" percent="8"/>
        <drop item="527" percent="1.5"/>
        <drop item="535" percent="4"/>
        <attributes
            hp="20"
            size="4"
            speed="64"
            attack-min="10"
            attack-delta="2"
            attack-magic="0"
            hit="10"
            evade="5"
            physical-defence="5"
            magical-defence="0"
            mutation="50"
            />
    </monster>

    <monster id="19" name="Cobra da Caverna">
        <sprite>monster-snake-cave.xml</sprite>
        <drop item="612" percent="8"/>
        <drop item="610" percent="0.1"/>
        <attributes
            hp="20"
            size="4"
            speed="64"
            attack-min="10"
            attack-delta="2"
            attack-magic="0"
            hit="10"
            evade="5"
            physical-defence="5"
            magical-defence="0"
            mutation="50"
            />
    </monster>

    <monster id="20" name="Jack O">
        <sprite>monster-ghost-pumpkin.xml</sprite>
        <attributes
            hp="20"
            size="4"
            speed="64"
            attack-min="10"
            attack-delta="2"
            attack-magic="0"
            hit="10"
            evade="5"
            physical-defence="5"
            magical-defence="0"
            mutation="50"
            />
    </monster>

    <monster id="21" name="Caveira de Fogo">
        <sprite>monster-skull-fire.xml</sprite>
        <drop item="621" percent="0.1"/>
        <drop item="540" percent="1.5"/>
        <attributes
            hp="20"
            size="4"
            speed="64"
            attack-min="10"
            attack-delta="2"
            attack-magic="0"
            hit="10"
            evade="5"
            physical-defence="5"
            magical-defence="0"
            mutation="50"
            />
    </monster>

    <monster id="22" name="Caveira Envenenada">
        <sprite>monster-skull-poison.xml</sprite>
        <drop item="621" percent="0.1"/>
        <drop item="540" percent="1.5"/>
        <attributes
            hp="20"
            size="4"
            speed="64"
            attack-min="10"
            attack-delta="2"
            attack-magic="0"
            hit="10"
            evade="5"
            physical-defence="5"
            magical-defence="0"
            mutation="50"
            />
    </monster>

    <monster id="23" name="Tronco Vivo">
        <sprite>monster-logmonster.xml</sprite>
        <sound event="hurt">loghead-hurt1.ogg</sound>
        <sound event="hurt">loghead-hurt2.ogg</sound>
        <sound event="hurt">loghead-hurt3.ogg</sound>
        <sound event="hurt">loghead-hurt4.ogg</sound>
        <sound event="hurt">loghead-hurt5.ogg</sound>
        <drop item="569" percent="20"/>
        <attributes
            hp="20"
            size="4"
            speed="64"
            attack-min="10"
            attack-delta="2"
            attack-magic="0"
            hit="10"
            evade="5"
            physical-defence="5"
            magical-defence="0"
            mutation="50"
            />
    </monster>

    <monster id="24" name="Cobra da Montanha">
        <sprite>monster-snake.xml|#585b39,a67c5d,dbc9a9,ffffff</sprite>
        <attributes
            hp="20"
            size="4"
            speed="64"
            attack-min="10"
            attack-delta="2"
            attack-magic="0"
            hit="10"
            evade="5"
            physical-defence="5"
            magical-defence="0"
            mutation="50"
            />
    </monster>

    <monster id="25" name="Easter Tufo">
        <sprite>monster-fluffy.xml</sprite>
        <sound event="hit">fluffy-hit1.ogg</sound>
        <sound event="hit">fluffy-hit2.ogg</sound>
        <sound event="hit">fluffy-hit3.ogg</sound>
        <sound event="miss">fluffy-miss1.ogg</sound>
        <sound event="hurt">fluffy-hurt1.ogg</sound>
        <attributes
            hp="20"
            size="4"
            speed="64"
            attack-min="10"
            attack-delta="2"
            attack-magic="0"
            hit="10"
            evade="5"
            physical-defence="5"
            magical-defence="0"
            mutation="50"
            />
    </monster>

    <monster id="26" name="Mouboo">
        <sprite>monster-mouboo.xml</sprite>
    </monster>

    <monster id="27" name="Planta Malva">
        <sprite>resource-plant.xml|#e0b0ff</sprite>
    </monster>

    <monster id="28" name="Planta Cobalto">
        <sprite>resource-plant.xml|#0047ab</sprite>
    </monster>

    <monster id="29" name="Planta Gamboge">
        <sprite>resource-plant.xml|#ef9b0f</sprite>
    </monster>

    <monster id="30" name="Planta Alizarina">
        <sprite>resource-plant.xml|#e32636</sprite>
    </monster>
    
    <monster id="31" name="Limo do Mar">
        <sprite>monster-slime.xml|#4ca1a0,ffffff</sprite>
        <sound event="hit">slime-hit1.ogg</sound>
    </monster>

    <monster id="32" name="Cobra da Grama">
        <sprite>monster-snake.xml|#205839,60a65d,80dba9,ffffff</sprite>
        <attributes
            hp="20"
            size="4"
            speed="64"
            attack-min="10"
            attack-delta="2"
            attack-magic="0"
            hit="10"
            evade="5"
            physical-defence="5"
            magical-defence="0"
            mutation="50"
            />
    </monster>

    <monster id="33" name="Bicho-da-seda">
        <sprite>monster-silkworm.xml|#807d20,e0dac0;#c0a830</sprite>
        <attributes
            hp="20"
            size="4"
            speed="64"
            attack-min="10"
            attack-delta="2"
            attack-magic="0"
            hit="10"
            evade="5"
            physical-defence="5"
            magical-defence="0"
            mutation="50"
            />
    </monster>

    <monster id="34" name="Zombie">
        <sprite>monster-zombie.xml</sprite>
        <attributes
            hp="20"
            size="4"
            speed="64"
            attack-min="10"
            attack-delta="2"
            attack-magic="0"
            hit="10"
            evade="5"
            physical-defence="5"
            magical-defence="0"
            mutation="50"
            />
    </monster>

    <monster id="35" name="Clover Patch">
        <sprite>resource-clover.xml</sprite>
        <attributes
            hp="1"
            size="4"
            speed="0"
            attack-min="0"
            attack-delta="0"
            attack-magic="0"
            hit="0"
            evade="0"
            physical-defence="0"
            magical-defence="5"
            mutation="0"
            />
    </monster>

    <monster id="36" name="Esquilo">
        <sprite>monster-squirrel.xml</sprite>
        <attributes
            hp="20"
            size="4"
            speed="64"
            attack-min="10"
            attack-delta="2"
            attack-magic="0"
            hit="10"
            evade="5"
            physical-defence="5"
            magical-defence="0"
            mutation="50"
            />
    </monster>

	<!--monster id="38" name="Espéctro do Arrepio">
		<sprite>monster-wisp.xml|#aadd44,ffff66</sprite>
		<particlefx>graphics/particles/wisp.particle.xml</particlefx>
	</monster-->

	<!--monster id="40" name="Espéctro do Arrepio">
		<sprite>monster-wisp.xml|#ff77dd,dd77ff</sprite>
		<particlefx>graphics/particles/wisp.particle.xml</particlefx>
	</monster-->

	<monster id="45" name="Espectro do Calafrio">
		<sprite>monster-wisp.xml|#77ffdd,77ddff</sprite>
		<particlefx>graphics/particles/wisp.particle.xml</particlefx>
	</monster>

	<!-- AQUI ESTAO OS MONSTROS CRIADOS PELA EQUIPE DO TMW-BR -->

	<monster id="300" name="Esqueleto">
		<sprite>monster-skeleton.xml</sprite>
	</monster>

	<monster id="301" name="Esqueleto Adaga">
		<sprite>monster-skeleton.xml</sprite>
		<sprite>head-infantryhelm.xml</sprite>
		<!--sprite>chest-leather-male.xml|#573a26,9e7654,d3b79e,ffffff;#b96b3d,fbf5f1</sprite-->
		<sprite>weapon-dagger-attack.xml</sprite>
	</monster>

	<monster id="302" name="Esqueleto Arqueiro">
		<sprite>monster-skeleton.xml</sprite>
		<sprite gender="male">chest-leather-male.xml|#443c21,85794a,beb590,ffffff;#824035,d6a19a</sprite>
		<sprite>weapon-bow-attack.xml</sprite>
	</monster>

	<monster id="303" name="Esqueleto Pirata">
		<sprite>monster-skeleton.xml</sprite>
		<sprite>head-piratehat-br.xml</sprite>
		<sprite>head-eyepatch.xml</sprite>
	</monster>

	<monster id="304" name="Fada Furiosa">
		<sprite>monstro-fada.xml</sprite>
	</monster>

	<monster id="305" name="Fada Traidora">
		<sprite>monstro-fada-2.xml</sprite>
	</monster>

	<monster id="306" name="Dragão Verde">
		<sprite>monstro-dragao_sombra.xml</sprite>
		<sprite>monstro-dragao.xml</sprite>
	</monster>

	<monster id="307" name="Fada Guardiã">
		<sprite>monstro-fada.xml</sprite>
	</monster>

	<monster id="308" name="Aranha Rainha">
		<sprite>monstro-aranha-rainha.xml</sprite>
	</monster>

	<monster id="309" name="Cachorro">
		<sprite>monstro-cachorro.xml</sprite>
		<sound event="hit" >cachorro_ataque.ogg</sound> <!-- Cachorro atacando -->
		<sound event="miss">cachorro_ataque.ogg</sound> <!-- Cachorro erra ataque -->
		<sound event="die" >cachorro_morte.ogg</sound>  <!-- Cachorro Morre -->
	</monster>

	<monster id="310" name="Trasgo Roxo">
		<sprite>monster-pinkie.xml|#70003f,ffbfe3</sprite> <!--ff80c8-->
		<sound event="hit">pinkie-hit1.ogg</sound>
		<sound event="miss">pinkie-miss1.ogg</sound>
	</monster>

	<monster id="311" name="Morte">
		<sprite>monster-skeleton.xml</sprite>
		<!--sprite>chest-capa.xml|#111111,222222,333333,444444,555555,aaaaaa</sprite-->
		<sprite>chest-robe-male.xml|#111111,222222,333333,444444,555555,aaaaaa</sprite>
		<sprite>weapon-scythe.xml</sprite>
		<particlefx>graphics/particles/aura-negra.xml</particlefx>
	</monster>

	<monster id="312" name="Cabeça de Abóbora">
		<sprite>monstro-cabeca-abobora-sombra.xml</sprite>
		<sprite>monstro-cabeca-abobora.xml</sprite>
	</monster>

	<monster id="313" name="Cabeção de Abóbora">
		<sprite>monstro-cabecao-abobora-sombra.xml</sprite>
		<sprite>monstro-cabecao-abobora.xml</sprite>
	</monster>

	<monster id="314" name="Cabeça de Abóbora">
		<sprite>monstro-cabeca-abobora-sombra.xml</sprite>
		<sprite>monstro-cabeca-abobora.xml</sprite>
	</monster>

	<monster id="315" name="Mouboo Rena">
		<sprite>monstro-mouboo-rena.xml</sprite>
	</monster>

	<monster id="316" name="Limo de Gelo">
		<sprite>monster-slime.xml|#c6cdff,ffffff</sprite>
	</monster>

	<monster id="317" name="Limo de Neve">
		<sprite>monster-slime.xml|#eff1f1,ffffff</sprite>
	</monster>

	<monster id="318" name="Coelho de Olhos Vermelhos">
		<sprite>monstro-coelho.xml|#ffd6dd;#ff0000</sprite> <!-- ff5e77 ffccd4 ffe6e9 -->
		<sound event="hit">fluffy-hit1.ogg</sound>
		<sound event="hit">fluffy-hit2.ogg</sound>
		<sound event="hit">fluffy-hit3.ogg</sound>
		<sound event="miss">fluffy-miss1.ogg</sound>
		<sound event="hurt">fluffy-hurt1.ogg</sound>
	</monster>

	<monster id="319" name="Coelho da Páscoa">
		<sprite>monstro-coelho.xml|#ece6ff</sprite> <!-- d6c9ff -->
		<sound event="hit">fluffy-hit1.ogg</sound>
		<sound event="hit">fluffy-hit2.ogg</sound>
		<sound event="hit">fluffy-hit3.ogg</sound>
		<sound event="miss">fluffy-miss1.ogg</sound>
		<sound event="hurt">fluffy-hurt1.ogg</sound>
	</monster>

	<!-- Tem um monte de monstro sobrando aqui... lembrar de corrigir isto -->
	<!--monster id="318" name="Flor Lilás">
		<sprite>monster-flower.xml|#7b0ea6,ffffff</sprite>
		<sound event="hit">flower-hit1.ogg</sound>
		<sound event="hit">flower-hit2.ogg</sound>
		<sound event="miss">flower-miss1.ogg</sound>
	</monster>

	<monster id="319" name="Florzinha Azul">
		<sprite>monster-flower.xml|#0ea6a6,80ffff</sprite>
		<sound event="hit">flower-hit1.ogg</sound>
		<sound event="hit">flower-hit2.ogg</sound>
		<sound event="miss">flower-miss1.ogg</sound>
	</monster-->

	<monster id="320" name="Florzinha do Campo">
		<sprite>monster-flower.xml|#2c0ea6,9980ff</sprite>
		<!--amarela #a6a60e,ffff80 -->
		<!--laranja #a6410e,ffaa80 -->
		<!--vermelha #a60e0e,ff8080 -->
		<!--branca #dddddd,ffffff -->
		<sound event="hit">flower-hit1.ogg</sound>
		<sound event="hit">flower-hit2.ogg</sound>
		<sound event="miss">flower-miss1.ogg</sound>
	</monster>

	<monster id="321" name="Rato">
		<sprite>monstro-rato.xml|#333b4f,757a8f,99a1b3,ffffff</sprite>
		<sound event="hit">bat-hit1.ogg</sound> <!-- Rato atacando -->
		<sound event="miss">fluffy-miss1.ogg</sound> <!-- Rato erra ataque -->
		<sound event="die">bat-dying1.ogg</sound>  <!-- Rato Morre -->
		<!-- DROPS: Dente de Rato, Pata de Rato, Calda de Rato, Queijo -->
	</monster>

</monsters>
