<effect>
	<particle
		position-x = "0"
		position-y = "0"
		position-z = "96"
		lifetime = "1"
		>
		<emitter>
			<property name="position-x" value="0"/>
			<property name="position-y" value="0"/>
			<property name="position-z" value="-32"/>
			<property name="lifetime" value="360"/>
			<property name="fade-out" value="20" />
			<property name="acceleration" value="0.06" />
			<property name="momentum" value="0.993" />
			<animation imageset="graphics/sprites/emotions.png" width="30" height="32">
				<frame index="1" delay="1000"/>
			</animation>
			<property name="follow-parent" />
		</emitter>
	</particle>
</effect>
