<?xml version="1.0"?>
<sprite>

	<imageset name="base" src="graphics/sprites/monsters/efeito-onda.png" width="40" height="30"/>

	<action name="default" imageset="base">
		<animation direction="default">
			<frame index="0"/>
		</animation>
	</action>

	<action name="attack" imageset="base">
		<animation direction="down">
			<frame index="0" delay="75"/>
			<frame index="1" delay="75" offsetY="20"/>
			<frame index="2" delay="75" offsetY="20"/>
			<frame index="3" delay="75" offsetY="20"/>
			<frame index="4" delay="75" offsetY="20"/>
			<frame index="5" delay="75" offsetY="20"/>
			<frame index="6" delay="75" offsetY="20"/>
			<end/>
		</animation>
		<animation direction="left">
			<frame index="0" delay="75"/>
			<frame index="1" delay="50" offsetX="-24" offsetY="8"/>
			<frame index="2" delay="50" offsetX="-24" offsetY="8"/>
			<frame index="3" delay="50" offsetX="-24" offsetY="8"/>
			<frame index="4" delay="50" offsetX="-24" offsetY="8"/>
			<frame index="5" delay="50" offsetX="-24" offsetY="8"/>
			<frame index="6" delay="50" offsetX="-24" offsetY="8"/>
			<end/>
		</animation>
		<animation direction="up">
			<frame index="0" delay="75"/>
			<frame index="1" delay="75" offsetY="-15"/>
			<frame index="2" delay="75" offsetY="-15"/>
			<frame index="3" delay="75" offsetY="-15"/>
			<frame index="4" delay="75" offsetY="-15"/>
			<frame index="5" delay="75" offsetY="-15"/>
			<frame index="6" delay="75" offsetY="-15"/>
			<end/>
		</animation>
		<animation direction="right">
			<frame index="0" delay="75"/>
			<frame index="1" delay="75" offsetX="24" offsetY="8"/>
			<frame index="2" delay="75" offsetX="24" offsetY="8"/>
			<frame index="3" delay="75" offsetX="24" offsetY="8"/>
			<frame index="4" delay="75" offsetX="24" offsetY="8"/>
			<frame index="5" delay="75" offsetX="24" offsetY="8"/>
			<frame index="6" delay="75" offsetX="24" offsetY="8"/>
			<end/>
		</animation>
	</action>

</sprite>
